<application>
  <component name="GeneralSettings">
    <option name="reopenLastProject" value="false" />
    <option name="confirmExit" value="false" />
    <option name="confirmOpenNewProject2" value="-1" />
  </component>
  <component name="Registry">
    <entry key="ide.experimental.ui" value="true" />
    <entry key="i18n.locale" value="" />
    <entry key="moved.to.new.ui" value="true" />
    <entry key="python.scientific.show_help_window" value="false" />
    <entry key="python.scientific.always_use_sci_view" value="true" />
  </component>
</application>