<application>
  <component name="ProjectManager">
    <defaultProject>
      <component name="PropertiesComponent"><![CDATA[{
  "keyToString": {
    "settings.editor.selected.configurable": "configurable.group.appearance"
  }
}]]></component>
      <component name="WindowStateProjectService">
        <state x="522" y="190" key="SettingsEditor" timestamp="1711995933637">
          <screen x="0" y="0" width="2048" height="1104" />
        </state>
        <state x="522" y="190" key="SettingsEditor/0.0.2048.1104/2560.121.1920.1032" timestamp="1711995933637" />
      </component>
    </defaultProject>
  </component>
</application>