<application>
  <component name="DimensionService">
    <location key="WELCOME_SCREEN.0.0.1920.1080" x="960" y="300" />
  </component>
  <component name="WindowManager">
    <frame x="3" y="10" width="1914" height="1019" />
  </component>
  <component name="WindowStateApplicationService">
    <state x="960" y="452" width="800" height="650" key="WELCOME_SCREEN" timestamp="1735079744476">
      <screen x="0" y="0" width="1920" height="1032" />
    </state>
    <state x="960" y="452" width="800" height="650" key="WELCOME_SCREEN/0.0.1920.1032" timestamp="1735079744476" />
    <state x="560" y="127" width="800" height="650" key="com.android.tools.idea.devicemanagerv2.DeviceManagerWelcomeScreenFrame" timestamp="1732133624106">
      <screen x="0" y="0" width="1920" height="1032" />
    </state>
    <state x="560" y="127" width="800" height="650" key="com.android.tools.idea.devicemanagerv2.DeviceManagerWelcomeScreenFrame/0.0.1920.1032" timestamp="1732133624106" />
    <state x="331" y="356" key="ide.config.custom.settings" timestamp="1731942355151">
      <screen x="0" y="0" width="1920" height="1032" />
    </state>
    <state x="331" y="356" key="ide.config.custom.settings/0.0.1920.1032" timestamp="1731942355151" />
  </component>
</application>