<application>
  <component name="FindSettings">
    <option name="customScope" value="File '…\src\main\java\org\example\mpt_lectures\parser\Impl\SecondSemesterParser.java [MPT_Lectures.main]'" />
    <option name="defaultScopeName" value="File '…\src\main\java\org\example\mpt_lectures\parser\Impl\SecondSemesterParser.java [MPT_Lectures.main]'" />
    <option name="SEARCH_SCOPE" value="File '…\src\main\java\org\example\mpt_lectures\parser\Impl\SecondSemesterParser.java [MPT_Lectures.main]'" />
    <mask>*.css</mask>
    <mask>*.html</mask>
    <mask>*.xml</mask>
    <mask>*.cs</mask>
  </component>
</application>