<application>
  <component name="DimensionService">
    <size key="GridCell.Tab.0.left.0.0.1920.1080" width="1301" height="282" />
    <size key="GridCell.Tab.0.center.0.0.1920.1080" width="1301" height="282" />
    <size key="GridCell.Tab.0.right.0.0.1920.1080" width="1301" height="282" />
    <size key="GridCell.Tab.0.bottom.0.0.1920.1080" width="1301" height="282" />
  </component>
  <component name="WindowManager">
    <frame x="3" y="10" width="1914" height="1019" />
  </component>
  <component name="WindowStateApplicationService">
    <state x="713" y="187" key="FileChooserDialogImpl" timestamp="1734977240944">
      <screen x="0" y="0" width="1920" height="1032" />
    </state>
    <state x="713" y="187" key="FileChooserDialogImpl/0.0.1920.1032" timestamp="1734977240944" />
    <state x="960" y="452" width="800" height="650" key="WELCOME_SCREEN" timestamp="1735080581043">
      <screen x="0" y="0" width="1920" height="1032" />
    </state>
    <state x="960" y="452" width="800" height="650" key="WELCOME_SCREEN/0.0.1920.1032" timestamp="1735080581043" />
  </component>
</application>