<application>
  <component name="DimensionService">
    <size key="GridCell.Tab.0.left.0.0.1920.1080" width="1890" height="561" />
    <size key="GridCell.Tab.0.center.0.0.1920.1080" width="1890" height="561" />
    <size key="GridCell.Tab.0.right.0.0.1920.1080" width="1890" height="561" />
    <size key="GridCell.Tab.0.bottom.0.0.1920.1080" width="1890" height="561" />
  </component>
  <component name="WindowManager">
    <frame x="15" y="63" width="1890" height="1002" />
  </component>
  <component name="WindowStateApplicationService">
    <state x="748" y="241" width="424" height="454" key="FileChooserDialogImpl" timestamp="1734422711984">
      <screen x="0" y="0" width="1920" height="1080" />
    </state>
    <state x="748" y="241" width="424" height="454" key="FileChooserDialogImpl/0.0.1920.1080" timestamp="1734422711984" />
    <state x="483" y="564" width="937" height="1002" key="WELCOME_SCREEN" timestamp="1735241684428">
      <screen x="0" y="0" width="1920" height="1080" />
    </state>
    <state x="483" y="564" width="937" height="1002" key="WELCOME_SCREEN/0.0.1920.1080" timestamp="1735241684428" />
  </component>
</application>