<application>
  <component name="DimensionService">
    <size key="GridCell.Tab.0.left.0.0.1920.1080" width="1890" height="561" />
    <size key="GridCell.Tab.0.center.0.0.1920.1080" width="1890" height="561" />
    <size key="GridCell.Tab.0.right.0.0.1920.1080" width="1890" height="561" />
    <size key="GridCell.Tab.0.bottom.0.0.1920.1080" width="1890" height="561" />
  </component>
  <component name="WindowManager">
    <frame x="260" y="20" width="1400" height="992" extendedState="6" />
  </component>
</application>