<application>
  <component name="DeclarativeInlayHintsSettings">
    <option name="providerIdToEnabled">
      <map>
        <entry key="js.chain.hints" value="true" />
        <entry key="js.type.hints" value="true" />
        <entry key="qodana.yaml.inspection.descriptions" value="true" />
        <entry key="ts.chain.hints" value="true" />
        <entry key="ts.enum.hints" value="true" />
        <entry key="ts.type.hints" value="true" />
      </map>
    </option>
  </component>
  <component name="EditorSettings">
    <option name="ARE_GUTTER_ICONS_SHOWN" value="false" />
    <option name="SHOW_BREADCRUMBS" value="false" />
  </component>
</application>