<application>
  <component name="ProjectManager">
    <defaultProject>
      <component name="Encoding" addBOMForNewFiles="with BOM under Windows, with no BOM otherwise" />
      <component name="PropertiesComponent"><![CDATA[{
  "keyToString": {
    "settings.editor.selected.configurable": "configurable.group.appearance"
  }
}]]></component>
      <component name="WindowStateProjectService">
        <state x="617" y="202" key="Rider.ProjectTemplateDialog.Size" timestamp="1705869880765">
          <screen x="0" y="0" width="2048" height="1104" />
        </state>
        <state x="617" y="202" key="Rider.ProjectTemplateDialog.Size/0.0.2048.1104/2560.-220.1080.1872" timestamp="1705869880765" />
        <state x="526" y="189" key="SettingsEditor" timestamp="1709903014029">
          <screen x="0" y="0" width="2048" height="1104" />
        </state>
        <state x="526" y="189" key="SettingsEditor/0.0.2048.1104/2560.121.1920.1032" timestamp="1709903014029" />
      </component>
    </defaultProject>
  </component>
</application>