<application>
  <component name="ProjectManager">
    <defaultProject>
      <component name="WindowStateProjectService">
        <state x="702" y="313" key="#com.intellij.ide.actions.ChooseComponentsToExportDialog" timestamp="1735078080044">
          <screen x="0" y="0" width="1920" height="1032" />
        </state>
        <state x="702" y="313" key="#com.intellij.ide.actions.ChooseComponentsToExportDialog/0.0.1920.1032" timestamp="1735078080044" />
        <state x="505" y="225" width="900" height="647" key="Rider.NewProjectDialog.Size" timestamp="1735242081720">
          <screen x="0" y="0" width="1920" height="1080" />
        </state>
        <state x="505" y="225" width="900" height="647" key="Rider.NewProjectDialog.Size/0.0.1920.1080" timestamp="1735242081720" />
      </component>
    </defaultProject>
  </component>
</application>