<application>
  <component name="Trusted.Paths">
    <option name="TRUSTED_PROJECT_PATHS">
      <map>
        <entry key="$USER_HOME$/AspNetSite" value="true" />
        <entry key="$USER_HOME$/AspNetSite/.idea/.idea.WebApplication1" value="true" />
        <entry key="C:\Users\broGideon\Desktop\Tests\JUnit" value="true" />
        <entry key="C:\Users\broGideon\RiderProjects\ConsoleApp1" value="true" />
        <entry key="C:\Users\broGideon\RiderProjects\ConsoleApp1\.idea\.idea.ConsoleApp1" value="true" />
      </map>
    </option>
  </component>
</application>