<application>
  <component name="CodeInsightSettings">
    <option name="AUTO_POPUP_JAVADOC_INFO" value="true" />
  </component>
  <component name="EditorSettings">
    <option name="languageStickyLines">
      <map>
        <entry key="CSS" value="false" />
        <entry key="HTML" value="false" />
        <entry key="JSON" value="false" />
        <entry key="Jade" value="false" />
        <entry key="JavaScript" value="false" />
        <entry key="LESS" value="false" />
        <entry key="Markdown" value="false" />
        <entry key="SCSS" value="false" />
        <entry key="TypeScript" value="false" />
      </map>
    </option>
    <option name="SHOW_STICKY_LINES" value="false" />
  </component>
  <component name="InlineCompletionOnboarding">
    <option name="onboardingFinished" value="true" />
  </component>
  <component name="TodoConfiguration">
    <pattern pattern="\bNotImplementedException\b" />
    <pattern case-sensitive="true" pattern="(?&lt;=\W|^)(?&lt;TAG&gt;BUG:)(\W|$)(.*)" />
    <pattern pattern="(?&lt;=\W|^)(?&lt;TAG&gt;TODO)(\W|$)(.*)" />
  </component>
</application>