<application>
  <component name="FindSettings">
    <option name="customScope" value="File '…\html\main-page\map_block.html'" />
    <option name="defaultScopeName" value="File '…\html\main-page\map_block.html'" />
    <option name="SEARCH_SCOPE" value="File '…\html\main-page\map_block.html'" />
    <mask>*.xml</mask>
    <mask>*.css</mask>
    <mask>*.htm</mask>
    <mask>*.sht</mask>
    <mask>*.shtm</mask>
    <mask>*.ng</mask>
    <mask>*.shtml</mask>
    <mask>*.html</mask>
    <mask>*.mts</mask>
    <mask>*.ats</mask>
    <mask>*.cts</mask>
    <mask>*.ts</mask>
    <mask>*.cjs</mask>
    <mask>*.js</mask>
  </component>
</application>