<application>
  <component name="LineMarkerSettings">
    <option name="providers">
      <map>
        <entry key="GrpcRunRequestGutterProvider" value="true" />
        <entry key="PbCodeImplementationLineMarkerProvider" value="true" />
        <entry key="RenderedDoc" value="true" />
        <entry key="com.intellij.execution.lineMarker.RunLineMarkerProvider" value="true" />
        <entry key="com.intellij.httpClient.http.request.codeInsight.HttpClientOverrideLineMarkerProvider" value="true" />
        <entry key="com.intellij.httpClient.http.request.codeInsight.HttpRequestDiffLineMarkerProvider" value="true" />
        <entry key="com.intellij.httpClient.http.request.environment.codeinsight.HttpRequestEnvironmentSetSecretLineMarkerProvider" value="true" />
        <entry key="com.intellij.httpClient.http.request.microservices.endpoints.EmbeddedHttpClientEditorRunLineMarkerProvider" value="true" />
        <entry key="com.intellij.lang.javascript.highlighting.JSRecursiveCallLineMarkerProvider" value="true" />
        <entry key="com.intellij.lang.javascript.highlighting.TypeScriptSourceMappingLineMarkerProvider" value="true" />
        <entry key="com.intellij.openapi.vcs.changes.ignore.codeInsight.IgnoreDirectoryMarkerProvider" value="true" />
        <entry key="com.intellij.sql.editor.SqlRecursiveCallLineMakerProvider" value="true" />
        <entry key="com.intellij.ui.ColorLineMarkerProvider" value="true" />
        <entry key="js.implemented" value="true" />
        <entry key="js.implementing" value="true" />
        <entry key="js.overridden" value="true" />
        <entry key="js.overriding" value="true" />
        <entry key="org.editorconfig.configmanagement.editor.EditorConfigPreviewMarkerProvider" value="true" />
        <entry key="org.intellij.plugins.markdown.extensions.common.plantuml.PlantUMLCodeFenceDownloadLineMarkerProvider" value="true" />
        <entry key="org.intellij.plugins.markdown.images.editor.ConfigureHtmlImageLineMarkerProvider" value="true" />
        <entry key="org.intellij.plugins.markdown.images.editor.ConfigureMarkdownImageLineMarkerProvider" value="true" />
        <entry key="org.intellij.plugins.markdown.images.editor.ConfigureTextHtmlImageLineMarkerProvider" value="true" />
      </map>
    </option>
  </component>
</application>