<application>
  <component name="ProjectManager">
    <defaultProject>
      <component name="PropertiesComponent">{
  &quot;keyToString&quot;: {
    &quot;settings.editor.selected.configurable&quot;: &quot;preferences.pluginManager&quot;
  }
}</component>
      <component name="VcsDirectoryMappings" defaultProject="true" />
      <component name="WindowStateProjectService">
        <state x="702" y="313" key="#com.intellij.ide.actions.ChooseComponentsToExportDialog" timestamp="1734976630770">
          <screen x="0" y="0" width="1920" height="1032" />
        </state>
        <state x="702" y="313" key="#com.intellij.ide.actions.ChooseComponentsToExportDialog/0.0.1920.1032" timestamp="1734976630770" />
        <state x="461" y="81" key="SettingsEditor" timestamp="1734976223374">
          <screen x="0" y="0" width="1920" height="1032" />
        </state>
        <state x="461" y="81" key="SettingsEditor/0.0.1920.1032" timestamp="1734976223374" />
      </component>
    </defaultProject>
  </component>
</application>