<application>
  <component name="Trusted.Paths">
    <option name="TRUSTED_PROJECT_PATHS">
      <map>
        <entry key="$USER_HOME$/OpenSearch-Dashboards" value="true" />
        <entry key="$USER_HOME$/WebstormProjects/untitled" value="true" />
        <entry key="C:\Users\broGideon\Desktop\Tests\JUnit" value="true" />
        <entry key="C:\Users\broGideon\Desktop\asp" value="true" />
        <entry key="C:\Users\broGideon\Desktop\my-next-app" value="true" />
        <entry key="C:\Users\broGideon\Desktop\server" value="true" />
        <entry key="C:\Users\broGideon\Desktop\site" value="true" />
        <entry key="C:\Users\broGideon\WebstormProjects\untitled2" value="true" />
      </map>
    </option>
  </component>
</application>