<application>
  <component name="DimensionService">
    <size key="GridCell.Tab.0.left.0.0.1920.1080" width="1920" height="308" />
    <size key="GridCell.Tab.0.center.0.0.1920.1080" width="1920" height="308" />
    <size key="GridCell.Tab.0.right.0.0.1920.1080" width="1920" height="308" />
    <size key="GridCell.Tab.0.bottom.0.0.1920.1080" width="1920" height="308" />
    <size key="GridCell.Tab.0.left.-2560.-243.2560.1440" width="2560" height="427" />
    <size key="GridCell.Tab.0.center.-2560.-243.2560.1440" width="2560" height="427" />
    <size key="GridCell.Tab.0.right.-2560.-243.2560.1440" width="2560" height="427" />
    <size key="GridCell.Tab.0.bottom.-2560.-243.2560.1440" width="2560" height="427" />
  </component>
  <component name="WindowManager">
    <frame x="-8" y="-8" width="1936" height="1048" extendedState="6" />
  </component>
</application>