<application>
  <component name="DimensionService">
    <size key="GridCell.Tab.0.left.0.0.1920.1080" width="1920" height="308" />
    <size key="GridCell.Tab.0.center.0.0.1920.1080" width="1920" height="308" />
    <size key="GridCell.Tab.0.right.0.0.1920.1080" width="1920" height="308" />
    <size key="GridCell.Tab.0.bottom.0.0.1920.1080" width="1920" height="308" />
    <size key="GridCell.Tab.0.left.-2560.-243.2560.1440" width="2560" height="427" />
    <size key="GridCell.Tab.0.center.-2560.-243.2560.1440" width="2560" height="427" />
    <size key="GridCell.Tab.0.right.-2560.-243.2560.1440" width="2560" height="427" />
    <size key="GridCell.Tab.0.bottom.-2560.-243.2560.1440" width="2560" height="427" />
  </component>
  <component name="WindowManager">
    <frame x="260" y="20" width="1400" height="992" extendedState="6" />
  </component>
  <component name="WindowStateApplicationService">
    <state width="546" height="139" key="ShowUsagesActions.dimensionServiceKey" timestamp="1739135622065">
      <screen x="0" y="0" width="1920" height="1032" />
    </state>
    <state width="546" height="139" key="ShowUsagesActions.dimensionServiceKey/0.0.1920.1032/-2560.-243.2560.1392" timestamp="1739135622065" />
    <state width="506" height="117" key="ShowUsagesActions.dimensionServiceKey/0.0.1920.1080" timestamp="1735145596358" />
    <state x="-1280" y="456" width="2576" height="1408" key="WELCOME_SCREEN" timestamp="1739383286952">
      <screen x="-2560" y="-243" width="2560" height="1392" />
    </state>
    <state x="960" y="452" width="800" height="650" key="WELCOME_SCREEN/0.0.1920.1032" timestamp="1739253353010" />
    <state x="-1280" y="456" width="2576" height="1408" key="WELCOME_SCREEN/0.0.1920.1032/-2560.-243.2560.1392" timestamp="1739383286952" />
    <state x="960" y="523" width="1890" height="1002" key="WELCOME_SCREEN/0.0.1920.1080" timestamp="1735221161581" />
  </component>
</application>