<application>
  <component name="DimensionService">
    <size key="GridCell.Tab.0.left.0.0.1920.1080" width="1898" height="292" />
    <size key="GridCell.Tab.0.center.0.0.1920.1080" width="1898" height="292" />
    <size key="GridCell.Tab.0.right.0.0.1920.1080" width="1898" height="292" />
    <size key="GridCell.Tab.0.bottom.0.0.1920.1080" width="1898" height="292" />
  </component>
  <component name="WindowManager">
    <frame x="15" y="63" width="1890" height="1002" />
  </component>
  <component name="WindowStateApplicationService">
    <state width="506" height="117" key="ShowUsagesActions.dimensionServiceKey" timestamp="1735145596358">
      <screen x="0" y="0" width="1920" height="1080" />
    </state>
    <state width="543" height="95" key="ShowUsagesActions.dimensionServiceKey/0.0.1920.1032" timestamp="1730650073882" />
    <state width="506" height="117" key="ShowUsagesActions.dimensionServiceKey/0.0.1920.1080" timestamp="1735145596358" />
    <state x="960" y="523" width="1890" height="1002" key="WELCOME_SCREEN" timestamp="1735221161581">
      <screen x="0" y="0" width="1920" height="1080" />
    </state>
    <state x="960" y="452" width="800" height="650" key="WELCOME_SCREEN/0.0.1920.1032" timestamp="1735080357224" />
    <state x="960" y="523" width="1890" height="1002" key="WELCOME_SCREEN/0.0.1920.1080" timestamp="1735221161581" />
  </component>
</application>