<application>
  <component name="DimensionService">
    <size key="GridCell.Tab.0.left.0.0.1920.1080" width="1898" height="292" />
    <size key="GridCell.Tab.0.center.0.0.1920.1080" width="1898" height="292" />
    <size key="GridCell.Tab.0.right.0.0.1920.1080" width="1898" height="292" />
    <size key="GridCell.Tab.0.bottom.0.0.1920.1080" width="1898" height="292" />
  </component>
  <component name="WindowManager">
    <frame x="1" y="10" width="1915" height="1014" />
  </component>
  <component name="WindowStateApplicationService">
    <state width="543" height="95" key="ShowUsagesActions.dimensionServiceKey" timestamp="1730650073882">
      <screen x="0" y="0" width="1920" height="1032" />
    </state>
    <state width="543" height="95" key="ShowUsagesActions.dimensionServiceKey/0.0.1920.1032" timestamp="1730650073882" />
    <state x="960" y="452" width="800" height="650" key="WELCOME_SCREEN" timestamp="1734976838239">
      <screen x="0" y="0" width="1920" height="1032" />
    </state>
    <state x="960" y="452" width="800" height="650" key="WELCOME_SCREEN/0.0.1920.1032" timestamp="1734976838239" />
  </component>
</application>